original_customer_id,master_customer_id,customer_name
592,1,KWAMBA INVESTMENTS
573,2,AMBICOR 121
626,3,"SUPERMERCADO TODO DIA, LDA"
529,4,SEGWAGWA CC
203,5,CRESCENT INTERNATIONAL PTY LTD
799,6,"S.H PINTOS , EI"
11,7,COALITION TRADING 1316CC T/A
568,8,DELPH LIKE TRADING TA RITE PRICE WHOLESALERS
443,9,WHIPPS CROSS TRADING
47,10,METCASH TRADING AFRICA (PTY) LTD T/A CHAMPION CNC
591,11,USIMAKADE (PTY)LTD
202,12,MJ GROUP OF COMPANIES
377,13,ARGUS DISTRIBUTION CENTRE
58,14,WOKOCHO GENERAL TRADING T/A SAVE MORE CASH N CARRY
642,15,ODM INVEST (PTY) LTD T/A SALVAGE MART
199,16,AFRICAN SUPERMARKET (SAM)
434,17,PLATINUM PANTHER TRADE (PTY) LTD T/A DAKOTA C&C
439,18,MIQRA TRADING CC
105,19,JEEBHAI COSMETICS
22,20,NEW KALKAAL
583,21,PLEIN STREET DISTRIBUTION
162,22,KINGDOM DISTRIBUTOIN NETWORK
640,23,GELLI DISTRIBUTORS (PTY) LTD
588,24,CLEAN STREET TRADING AND DISTRIBUTION CC
46,25,LENASIA QUICK BUILD
517,26,ARAIA INVESTMENTS
505,27,SOUTHERN AMBITION
209,28,QUSWAH TRADING (LENS)
543,29,WOLMU TRADING (PTY) LTD
519,30,POCHA & SONS WHOLESALERS - KISMAT CASH N CARRY
182,31,SAFARI DISTRIBUTORS PTY (LTD)
96,32,ZA BUILDERS & STEEL
579,33,BEST SELLER TRADING PTY LTD TA DAHIRKEY
537,34,Main Line Import & Export  (Pty) Ltd
604,35,CONCORDANT HOLDINGS (PTY) LTD
589,36,VABRO DISTRIBUTORS
476,37,MPHO DISTRIBUTORS
605,38,EVERGLOW DISTRIBUTORS
31,39,FARMAKH DISTRIBUTORS
419,40,NUMAIN CASH AND CARRY
188,40,NUMAIN CASH AND CARRY
502,41,MOTLANA CASH AND CARRY
396,42,ECORBIT (PTY) LTD
53,43,QCCC (PTY) LTD
601,44,CHIBWAYS TRADING
69,45,GTR CASH AND CARRY (PTY) LTD
81,46,TRIPLE E - KZN
97,47,AL RAHMA CHINA STORE (PTA WEST)
47,48,ESINENHLANHLA LOGISTICS & PROJECTS
10,49,KIMPERS DIAPERS
50,50,AAH INVESTMENT PROPERTIES (Pty) Ltd
104,51,COMMUNITY HARDWARE
173,52,ELENKIN INVESTMENT (PRIVATE) LIMITED
113,53,MABHOKO 0024
647,54,SIDDIQ CASH AND CARRY PTY (LTD) MADIBA HAWKERS
440,55,ANE DISTRIBUTORS
387,56,FIRST CHOICE CASH AND CARRY
121,57,NEWTOWN DISTRIBUTORS (PTY) LTD
414,58,CQY 168 CC FEGLIN TRADING GENERAL STORE
597,59,AFRICA TRADE DISTRIBUTORS
81,60,DAILY DIAPERS WHOLESALERS AND RETAILRS (PTY) LTD
532,61,RAMADAN DISTRIBUTORS
315,62,STAR COSMETICS HAIR & BEAUTY
657,63,SUPERSET NETWORK STRATEGIES CC
629,63,SUPERSET NETWORK STRATEGIES CC
102,64,KGG HARDWARE
113,65,STORMING DISTRIBUTORS CC
514,66,STODANOX (PTY) LTD T/A AALIYAH WHOLESLAER
78,67,HONEYDEW CASH AND CARRY
70,68,KISMAAYO CASH AND CARRY
474,69,MADIBA STORE THEMBISA
9,70,SAKEENA DIAPERS (PTY) LTD
12,71,GEESEY TRADERS
72,72,BEDER CASH & CARRY
487,73,AALZ NOOR INVESTMENTS PTY LTD
399,74,DUMA AFRICAN MARKET
422,75,SOUTHERN ELAND (PTY) LTD
0,75,SOUTHERN ELAND (PTY) LTD
54,76,DIEPSLOOT CASH AND CARRY
515,77,CAMEL ROCK TRADING 272CC T/A CHOICE MALAMULELE
530,78,MS GLOBAL
77,79,AL BARAKA CASH & CARRY
354,80,MAKANYE CASH & CARRY MANKWENG
361,81,786 SUPERMARKET WHOLESALE & RETAIL
353,82,CHEAP CHEAP ZEBEDIELA
622,83,MORE 4 LESS TRADING
664,84,DANXING SUNSHINE (PTY) LTD
57,85,RAJA SOFT DRINKS & HARDWARE
350,86,SHALOM WHOLESALER
51,87,DROP TARGET DISTRIBUTION
380,88,M PREMJEE & SONS (PTY) LTD
52,89,QISMAT HARDWARE
624,90,AI RAINY DISTRIBUTORS
593,91,NJ WHOLESALER
332,92,HAMZA TRADING
15,93,BLUEMOON CASH N CARRY
613,94,MAHARANI DISTRIBUTORS
607,95,LNA INVESTMENTS
390,96,HASHIR RAZA TRADING
509,97,MABINS CASH AND CARRY
352,98,MUKKARAMMA MEAT & EAT
111,99,FZS CONSULTANTS (PTY) LTD
60,100,METRO AD'EED CASH AND CARRY (PTY) LTD
418,101,LIMPOPO CASH & CARRY
HB_CUT001,102,"Cut Price C,n,carry"
462,103,DHOOMBE GENERAL TRADING (PTY) LTD
381,104,UITDRAAI STORE MIBA
619,105,SHUBABES TRADING
457,106,TRIPPLE D WHOLESALERS
HB_HOP001,107,Hope Cash&Carry
594,108,BUNNING WHOLESALER & RETAIL CC
484,109,PANCHBHAYA GENERAL TRADING (PTY) LTD
398,110,KIATRA TRADING
157,111,HAWKERS PARADISE CASH & CARRY
141,112,HAJI YAMIN & SONS (PTY) LTD
411,113,MAMAS CASH & CARRY
137,114,BEST HARDWARE & WHOLESALE
345,115,MHLARE SOLUTION
63,116,LANDGANO SUPERMARKET CC
512,117,NOOR A LA NOOR TRADING CC T/A JABULA
508,118,MM ENTERPRISE
HB_JJ'001,119,JJ's Supermarket
HB_BUS001,120,BUSY CORNER HOP
682,121,EFREM WHOLESALE
493,122,WARICH CASH & CARRY JANE FURSE
155,123,DISCOUNT WHOLESALER & RETAILER
417,124,ITSTYM GENERAL TRADING  CC
478,125,CAPITAL CASH & CARRY
HB_QOL001,126,QOLWENI DISCOUNT SHOP
686,127,AL SYED TRADINGS
HB_NJ 001,128,NJ Comunitty Cash Store
HB_HAA001,129,HAARLEM SUPERMARKET
134,130,OSIZWENI WHOLESALER
186,131,VICTORIA WHOLSALLER
493,131,VICTORIA WHOLSALLER
595,132,NIGANJI TRADING
376,133,ROTENDA CONSORTIUM (PTY) LTD
51,133,ROTENDA CONSORTIUM (PTY) LTD
98,134,GAP BUILDING SUPPLIES
HB_SAJ001,135,SAJEED SUPERMARKET
80,136,METRO AWASH (PTY) LTD
432,137,CRUZ GROIP (PTY) LTD
355,138,CENTRAL HIGH TRADING 376CC
815,139,THOKOMAN FOODS SA (Pty) Ltd
HB_ARS001,140,Arsenal Shop
513,141,ROYAL SUPERMRKET MOKOPANE
90,142,PEEK-ABOO BABY SHOP
396,143,GREAT VALUE SUPERMARKET (OLD CHECK U)
HB_ALS001,144,Alshabaab Shop
422,145,SCORE ONE TRADING (HYPERSTAR CASH & CARRY)
893,146,SAJAL TRADERS
337,147,QORAHAY GENERAL TRADING
206,148,IMANSAME GENERAL TRADING
115,149,MH MAGNAT PTY LTD
724,150,ABANTU CASH AND CARRY
171,151,NORTHERN CAPE HARDWARE GANYESA
365,152,OCEAN CASH & CARRY
491,153,ASGARD TRADING
485,154,SUPER SAVE POLOKWANE
545,155,WORLD BLOOM (PTY) LTD
335,156,LANGA CASH N CARRY
66,157,TRIPLE E CONSTRUCTION - HYDE PARK
171,158,SA TRADING WHOLESALER
HB_FRI004,159,Friendly Shop Super Market
HB_GOL001,160,Golden Star Supermarket
49,161,AFRICA HARDWARE KWAMHLANGA
520,162,SWEET CORNER & COSMETICS
958,163,RONSAM MUTHI SHOP & COSMETICS
475,164,ONE BY ONE KEMPTON PARK
50,165,ROODEPOORT CASH AND CARRY
362,166,LEBOWAKGOMO CASH & CARRY
385,167,COSMO CASH AND CARRY
44,168,YUSUF BUILDING MATERIAL CC
HB_SAL001,169,Salamuuni Super Market
112,170,TANAAT CASH AND CARRY
HB_FOU001,171,Fourstar Supermatket
685,172,HBIN TRADING
140,173,SALAXEEY CASH AND CERRY
HB_AL 002,174,AL MUBARAK CASH STORE
471,175,V7 SUPERMARKET
HB_SHA002,176,SHAMIKA SUPERMARKET
482,177,SARFARAAZ TRADING POLOKWANE
733,178,BARQADLE GENERAL DEALER
55,179,SOMSOUTH EXPORT AND IMPORTS PTY LTD
168,180,AT AWALO RABASOTHO
451,181,NEW BLUE STAR CASH AND CARRY
459,182,BARAKA CASH N CARRY
497,183,B CRON TRADING PTY LTD T/A U-CHOICE CC POLOKWANE
496,184,PATEL CASH N CARRY
846,185,TSHABETHE TRADING & PRJ
410,186,MESUM CASH & CARRY
177,187,KB SUPERSTORE
423,188,NORANI TRADING CHISTY SUPERMARKET
431,189,SULTAN M TRADING
564,190,JUE GENERAL TRADING
342,191,NKATEKO DISTRIBUTORS
480,192,Y&M SUPERMARKET
641,192,Y&M SUPERMARKET
691,193,SERIFATU IMPORT AND EXPORT
HB_DFS001,194,Cash & Carry DF Scott
364,195,THREE BROTHERS WHOLESALERS
842,196,AFRICAN SAVE CASH & CARRY
369,197,BAYVIEW EXPORTS (PTY) LTD
611,198,SAAS DIAPERS
49,199,MANCO AFRICA LOGISTICS & COMMODITIE
792,200,S AKBAR TRADING
546,201,SUPA NEW ERA TRADING
371,202,ZUKA FACTORY SHOP (PTY) LTD
460,202,ZUKA FACTORY SHOP (PTY) LTD
624,203,KURA SUPER MARKET
HB_ALL001,204,ALL IN ONE STOTE
398,205,MAHARIBA GENERAL DEALER
HB_DAN002,206,DANKAAR WINKEL SHOP
481,207,BISMILLAH WATLOO CASH & CARRY
943,208,CAMHILL DISTRIBUTORS
222,209,VANDERBIJL PARK CASH AND CARRY
857,210,SUNNY CASH & CARRY
HB_SAI001,211,SAIFUL MINIMARKET
HB_SUN002,212,SUNRISE CASH STORE
409,213,MZANZI DISCOUNT WHOLESALERS
139,214,PAPATO CASH & CARRY
154,215,KING HARDWARE & STEEL EVATON
972,216,A B C CASH & CARRY
636,217,AFRICAN QUALITY TRADING
106,218,SAID TRADING
336,219,JOWHAR GENERAL DEALER
20,220,USAVE MORE CASH & CARRY
227,221,AZHER TRADING
784,222,RIRHANDZU DISTRIBUTORS
719,223,JZH CAPITAL INVESTMENT
HB_RAM005,224,RAMADHAAN SHOP(Ladismith)
501,225,KANAAF CASH AND CARRY
454,226,FOOD HYPER MOKOPANE
633,227,CONTACTS TRADING CC
HB_PLA001,228,Plate C$carry
HB_RAM003,229,RAMADHAN CASH STORE
21,230,GLOBAL FOOD CASH AND CARRY (PTY) LTD
645,231,FOZERA ENTERPRISE
89,232,BIG ZAAD CASH & CARRY
638,233,TIC & TAC SUPERMARKET
389,234,A1 CASH AND CARRY
553,235,SK WHOLESALERS
HB_ALL007,236,All Nation Shop
HB_PEO003,237,People's Cash Store
394,238,MAMA FAMEFA TRADING
HB_MAD003,239,Madina SupermRket
75,240,GEEDGALE TRADING PTY (LTD)
572,241,LUCKY WHOLESALE
132,242,ONE STOP SWEET WHOLESALER
84,243,MABHOKO STEEL & GLASS
HB_SUN005,244,Sunshine Superstore
666,245,EJABA FIVE STAR DISTRIBUTORS
847,246,EAST AND SOUTH CASH AND CARRY
378,247,WIPE IT CC
HB_SPA001,248,Spaza Rama Shop
502,249,SAYMAY WHOLESALERS TZANEEN
413,250,MALANDZA TRADING & INVESTMENT
HB_ECO001,251,Econofoods
890,252,HILAAL SUPPLIERS
74,253,EVAGOLD CASH AND CARRY
358,254,RAINBOW BARGAIN STORE
971,255,TRIPLE CREST TRADING
898,255,TRIPLE CREST TRADING
100,256,TBI (PTY) LTD
195,257,KAFF DISTRIBUTOR
433,258,ZCW TRADING (PTY) LTD - MEAT & CHICKEN GROBLERSDAL
627,259,SABSE GENRAL TRADING CC
553,260,DJ GENERAL DEALER
678,261,MD MUTHI SHOP
25,262,RUBY HARDWARE
975,263,EASY SUPERMARKET & DELI
864,264,BATHUSENG IMPORTS &  EXPORTS
755,265,ASHFIR TRADING CC
426,266,MANTELA TRADING 220 CC
645,267,DAYSTAR DISTROBUTION
730,268,KTA TRADING & PROJECTS
329,269,AFROHEALTH
634,270,RECHARGE CASH N CARRY
710,271,AHFAN TRADING T/A KISMET CASH AND CARRY
506,272,CTX SUPPLIERS (PTY) LTD
703,273,Z AND K DISTRIBUTORS
360,274,BHAGAT & SONS
372,275,YASEENS SUPERETTE
HB_MOL001,276,MOLOMO GENERAL DEALER
HB_AB 002,277,"AB Z, GENERAL SHOP"
683,278,JTS INTERNATIONAL PTY LTD
441,279,OK FOODS POLOKWANE
118,280,BAFANA WHOLESALER
102,281,MYKA TRADING NEW TOWN
322,282,METCASH T/A FRONTLINE HYPER
146,283,MOGADISHO SUPERMARKET
HB_FOU002,284,FOURWAYS SHOP
511,285,UNIMART SUPERMARKET JANE FURSE (PTY) LTD
359,286,CITY SQUARE PHARMACY
HB_MAD009,287,Madiba Discount Store
86,288,OLIFAN CASH & CARRY
226,289,JAMBO MART (PTY) LTD
411,290,MISH DISTRIBUTORS
970,291,WARRICH CASH AND CARRY
468,291,WARRICH CASH AND CARRY
430,292,BOKHA BROTHERS 786 PTY
3245,293,SHYMES MARKETING
152,294,ROWSHAN GEN TROG T/A ALI WHOLESALERS
23,295,GERMISTON CASH AND CARRY
557,296,1ST CHOICE CASH & CARRY
366,297,MARKET PLACE TZANEEN
40,298,POINT HARDWARE
251,299,ACE DISTRIBUTORS POLOKWANE
HB_BAL001,300,BALLOTSVIEW SUPERMARKET
128,301,SSMS TRADING (PTY) T/A TSHWANE CASH AND CARRY
520,302,SUPA SAVE BURGERSFORT
615,303,DHK DAIPERS SA
51,304,ALLIED BUILDERS WATLOO
836,305,BEST OPSENT TRADE IN
111,306,SAMAD CASH AND CARRY
368,307,CHEEKO INVESTMENTS
820,308,MAZWABA TRADING & PROJECTS
450,309,SSS SUPERSTORES
167,310,MIDRAND STEEL KAALFONTEIN
89,311,LUCKY FARM CASH AND CARRY
174,312,GOOD PRICE SUPERMARKET
221,313,KAIYUAN TRADING
HB_SUP004,314,SUPERMARK
660,315,RED SEA CASH & CARRY
HB_ZAM002,316,Zamazama Shop
632,317,ELWAK TRADING
123,318,DENENPINE PTY LTD
507,319,TEMBA DISCOUNT STORE 1 T/A TEMBA CASH N CARRY
528,320,MIDRAND FRESH MEATS CC T/A  B NAGIAH'S QAULITY MUT
524,321,IVORY PARK WHOLESALERS
539,322,FREEDOM CASH AND CARY
412,323,TEMBA CITY PHARMACY
137,324,KH SWEETS MINI CASH & CARRY
516,325,BRIGHT IDEA PROJECTS 1395CC T/A ASH CASH & CARRY
387,326,MURSAL CASH AND CARRY
522,327,S.M WHOLESALERS CC
403,328,THE OBSTACLE DEN TRADING
648,329,KAYI WHOLESALERS(PTY)LTD
767,330,LYNNE VIRGIN HAIR&ACCESSORIES
650,331,RAINBOW CASH AND CARRY(PTY) LTD
340,332,VAAL CASH N CARRY (VEREENIGING)
521,333,FREEDOM GENERAL DEALERS
87,334,TEMBISA CASH AND CARRY
608,335,MORS INDUSTRIES
2,336,LESEDI CASH AND CARRY
415,337,K.G.N SUPPLIERS
547,337,K.G.N SUPPLIERS
932,338,AKHIKHAYA TRADING & PROJECTS
556,339,TAKI'S WOLESOME WHOLESALER
88,340,METCASH TRADING AFRICA (PTY)LTD
637,341,HOPE RITE GROUP (PTY) LTD
170,342,NAWAAB SUPERMARKET
428,343,STUDENT SUPERMARKET
HB_AWD001,344,Awdal Cash Stire
510,345,DING XING TRADING STORE
164,346,A HARDWARE MOKALE
HB_SAF001,347,Safeway Super Market Themplethu
397,348,BIG SAVE WATLOO (PTY) LTD
673,349,BUEMA COMERCIAL;E.I
326,350,SALEH SWEETS
311,351,SAVOY SUPERMARKET
333,352,H H X TRADE
623,353,CKP DISTRIBUTORS (PTY) LTD
630,354,GANI WHOLESALERS (PTY) LTD
163,355,NELLMAPIES WHOLESELAR
495,356,PLATINUM CASH & CARRY
HB_50 001,357,50 Cent Cash Stoee
140,358,MOLOTO CROSSING
363,359,SWEETS & SNACKS WORLD GROBLERSDAL
68,360,A ALI TRADING CC T/A MARKET PLACE
82,361,DINI CASH & CARRY
327,362,MAMUSH SUPERMARKET
409,363,JOHN GENERAL
459,363,JOHN GENERAL
470,364,NUURADIN TRADING LTD T/A ZAMA ZAMA SUPERSTORE
504,365,MONA AHMED TRADING T/A CHEAP CHEAP ATOK
HB_TAW004,366,Tawakal Cash Store
188,367,NUMBER ONE WHOLESALLER
967,368,CHAMPION CASH&CARRY
662,369,ALL LOVE TRADING
501,370,TZANEEN HAWKER CITY T/A MAMA CASH N CARRY
23,371,ALLIED BUILDERS EXPRESS CLAYVILLE
159,372,EGAD MADIBA STORE (PTY) LTD
211,373,SOM SUPER STORE
240,374,EBIESONS SUPER MARKET
HB_CHE002,375,Cheap Cheap Shop
88,376,MIDRAND STEEL & HARDWARE
61,377,APLOSOL
792,378,TOP MART HYPER
598,379,SIYABONGA DISTRIBUTORS
814,380,BRITS MUTHI SHOP
152,381,AL MADINA HARDWARE SUN CITY
198,382,AMMAR TRADDING
390,383,A K SUPERMARKET
510,384,MC GLOBAL SOLUTIONS
582,385,LOYAN TRADING CASH & CARRY
HB_HIR001,386,Hiran Tuck Shop
7,387,SOWETO CASH N CARRY
357,388,SAKINA SUPERMARKET BOCHUM
653,389,FEMZ COSMETICS (PTY) LTD
449,390,LIBAAN CASH AND CARRY
56,391,REIN SUPPLIES
117,392,MOGWASE HARDWARE
174,393,BLOEM STEEL & HARDWARE
494,394,BAFANA BAFANA WHOLESALERS TZANEEN
492,395,SHAMWARI CASH & CARRY
27,396,A1 SUPERMARKET
565,397,GOOD ONE PRICE CASH AND CARRY
HB_WHI001,398,White LOCATION CASH STORE
80,399,EKSONS WHOLESALERS (PTY) LTD
85,400,HOSANNA CASH AND CARRY
194,401,CHARLES PAY AND SAVE
889,402,HORN AFRICA (PTY) LTD
98,403,SOMEAST WHOLESALE DISTRIBUTION
55,403,SOMEAST WHOLESALE DISTRIBUTION
8,404,AUTUMN SKY TRADING
61,405,MADINA CASH N CARRY
93,406,FATIMA GENERAL STORE PTY LTD
HB_PRO001,407,Protea Supersave
931,408,NKOSANA TUCK SHOP
341,409,ERNEST DISTRIBUTORS
25,410,ADVANCE WAREHOUSING (PTY) LTD
649,411,YMS TRADING AND DISTRIBUTORS
52,412,ATH DISTRIBUTORS PTY LTD
84,413,X WHOLESALE & RETAIL T/A LUCKY C&C
439,414,CHEMTEK CARE
902,414,CHEMTEK CARE
668,415,MANAIM INVESTMENT (PTY) LTD
321,416,SHAGOR SUPER MARKET
169,417,JUEUL ENTERPRIZE (SILAAM)
4,418,BARAKA CASH N CARRY (PALM RIDGE)
674,419,LUCKY NR 5 SUPERMARKET
699,420,AW STREETWISE (PTY) LTD
525,421,D.K DISCOUNT C&C
59,422,FRONT ROW FMCG STORE
659,423,AYEZA ENTERPRISES LIMITED
131,424,AFRO ZONE TECHNOLOCHY (PTY) LTD
145,425,MOLOTO HARDWARE
73,426,DARUSALAM CASH AND CARRY
486,427,NIZAMS JUBILEE
87,428,NAKATHA TRADING - JBROS HARDWARE
643,429,TTK GLOBAL DISTRIBUTORS
176,430,DAWSONS HARDWARE LYDENBURG
HB_KWL001,431,Kwllos Shop
408,432,ENCHANTING FOREST T/A MIDSTREAM SUPERSPAR & TOPS
4,432,ENCHANTING FOREST T/A MIDSTREAM SUPERSPAR & TOPS
22,433,ALLIED BUILDERS XPRESS HMK
158,434,MS HARDWARE PHOKENG
54,435,BEST DISCOUNT HARDWARE
157,436,ZAM ZAM HARDWARE
114,437,SHANLEYSTE WHOLESALERS
75,438,SMART BUILD ATTERIDGEVILLE
150,439,MEHERBAN HARDWARE
400,440,ISM TRADING
78,441,SA HARDWARE TWEEFONTEIN
508,442,THEMBISA CASH AND CARRY (PTY) LTD
133,443,TZANEEN HARDWARE & STEEL
477,444,AFRICAN AND TAWAKAL STORE
542,445,YAFEIT GENERAL TRADING
681,446,STANLEY LOGISTICS (PVT) LTD
464,447,DISCOUNT CASH N CARRY
121,448,ADEO SOUTH AFRICA PTYLTD
472,449,BM ENTERPRISES
30,450,STEEL FACTORY
536,451,ORION CASH AMD CARRY
348,452,UNIMART HYPERMARKET MIDRAND
549,453,MUBARAK SUPERMAKET SA
505,454,SWIFT EXPRESS & WAREHOUSE
416,455,A ONE WHOLESALERS MAKHADO
62,456,MAYESELA GENERAL DEALER
357,457,MURANI TUCKSHOP
30,458,EXPORT & IMPORT MOVEMENT CC
161,459,FAYSAL ETHOIUPIAN MACAWIYE
66,460,MAKGATHO WHOLE SALERS
649,461,GRL WILLIAMS TRADING & PROJECT
68,462,SHIDY HARDWARE
107,463,RAJA DISCOUNT HARDWARE
160,464,BBK SUPERMARKET
413,465,KINGSMEAD TRADING
660,466,ASAD TRADING
134,467,SIMON HARDWARE
490,468,NIZAMS MAMELODI SQUARE
1,469,PAPATA HARDWARE CC
167,470,HEPLON SUPERMARKET
159,471,BAFOKENG HARDWARE PHOKENG
527,472,RAYAN INTERNATIONAL TRADING CC
427,473,RIDGEWAY GARDEN SPAR
603,474,MABUNDA SUPERMARKET
177,475,MIRREN INVESTMENTS T/A MACBUILD
299,476,DH CONSTRUCTION & PROJECT MANAGEMENT
135,477,AL MADAR GENERAL TRADING
148,478,AFRICAN SUPERMARKET
400,479,MG GENERAL DEALER
500,480,CHISIPITI GLOBAL PTY LTD
458,481,CITY FOOD PLACE
955,482,LHH TRADING PROJECTS
380,483,ADOWA IVVORY PARK
13,484,PINKY'S SUPER MARKET AND WHOLESALE
713,485,THE MAGALIESBURG HEALTH CENTRE
563,486,R5 SHOP
421,487,CHOICE 786 HAWKERS CENTRE DZANANI
540,488,SILVER GENERAL TRADING (PTY) LTD
575,489,TODAY'S HOPE TRADING AND PROJECTS
410,490,COSMOS CITY CLINICS PHARMACY
370,491,METRO HOME CENTRE
400,491,METRO HOME CENTRE
139,492,AFRICA HARDWARE MAMELODI
124,493,TONKODISCOUNT CASH AND CARRY
339,494,NKURE NKURU
332,495,DESTA TUCKSHOP
519,496,SALAAM C&C
418,497,CC DISTRIBUTORS SA (pty) Ltd
581,498,HARVESTCO SA
657,499,SUSPENSE ACC
616,500,KHALIF ENTERPRISE (PTY) LTD
127,501,ASAD HARDWARE KWAMHLANGA
656,502,KAYI CAPITAL
434,503,PLATINUM PANTHER TRADE (PTY) LTD T/A DAKOTA C & C
702,504,FAMILY MARKET HYPER
142,505,NTAOLENG
507,506,CHECK U CASH N CARRY MAKHADO
521,507,HYPERSTAR CASH & CARRY
94,508,TRADE CAPTAINS (PTY) LTD
151,509,CHIEF HARDWARE SUN CITY
321,510,ABBI SHOP MINI MARKET
0,510,ABBI SHOP MINI MARKET
57,511,BATHO CASH N CARRY
401,512,KIDSALOT
14,513,ABC SUPER MARKET
143,514,SAVEMORE SPAR SUPERMARKET
511,515,NOVELTY ENTERPRISES
655,515,NOVELTY ENTERPRISES
357,516,NURANI TUCKSHOP
383,517,MAYFAIR WHOLESALE AND RETAIL
347,518,NK INDUSTRIES (PTY) LTD
447,519,TIGER SUPERSAVERS
193,520,PERFORMANCE
337,521,AN WHOLESALERS & RETAIL T/A OB SUPERMARKET
329,522,Y AND R COSMETICS (PTY) LTD
342,523,STATION BUTCHERY KROONSTAD
707,524,NEW GUOFA TRADING (PTY) LTD
355,525,SUPER SNACKS SUPERMARKET
125,526,ALLIED HOME CENTRE
617,527,GOD LOVE GROUP (PTY) LTD
538,528,BADAR STORE
17,529,FOOD BAZAAR CASH N CARRY (PTY) LTD
83,530,TAWAKAL TOWIQ CASH AND CARRY
977,531,ELDORADO CASH & CARRY
28,532,WALK IN CASH
175,533,DUNAMO WHOLESALE
200,534,Rehan Z Hardware
349,535,HASAN OROMO SUPERMARKET
156,536,RABASOTHO HARDWARE
117,537,ALFAJRI GENERAL TRADING (PTY) LTD
356,538,RAZA BROADWAY SUPERMARKET
547,538,RAZA BROADWAY SUPERMARKET
552,539,SALEH SWEETS (PTY) LTD
407,540,SYNDI-VALUE T/A LYTTELTON SUPERSPAR
361,541,BLESS TUCKSHOP
547,542,RAZA  BROADWAY SUPERMARKET
166,543,SUNRISE SUPERMARKET
79,544,ALPHA HAIR BEAUTIQUE (PTY) LTD T/A WIN WIN EMPIRE
45,545,MMADIKGONG TRADING AND DITRIBUTION
331,546,NINILE TUCKSHOP
535,547,ZAMA ZAMA SUPERMARKET
636,548,AMXFA GENERAL TRADING
661,549,LAKIMI CC TA BROTHERS CASH AND CARRY
HB_LUC003,550,Lucy Shop Themp
58,551,SMART HARDWARE KWAMHLANGA
408,552,LWAZILWAPHESHEYA HEALTH SHOP
156,553,KLIPGAT WHOLESALER
103,554,DRINKWORLD
200,555,REHAN Z HARDWARE
318,556,WOSA WOSA WHOLE SALER
403,557,ENSEMBLE TRADIN G205(PTY)LTD T/A VALHALLA SPAR & T
406,558,PHELANG CROSSING PHARMACY
153,559,RUPUSHI BANGLA WHOLESEL
330,560,SMART AFRO.COM
104,561,GREEN SUPERMARKET
382,562,ALI SUPERMARKET RABASUTU
122,563,JUST FOR YOU
140,564,EZZIE HARDWARE MOLOTO
400,565,ISM TRADING (PTY) LTD
149,566,MUNSHIGONJ SUPERMARKET
6,567,AFGAAB BABY CARE
533,568,LEHLOGONOLO SHALANG
392,569,ABC SWEETS
185,570,SHAAZIA MAMS MALL
189,571,MEDICAL CENTER
215,572,CCW SALES & MARKETING
644,573,KM JABULANI DISTRIBUTORS (PTY) LTD
160,574,MABALE HARDWARE
9,575,VALUE HARDWARE
456,576,WINNIE SUPERMARKET
570,577,TANAAD GENERAL FASHIONS
118,578,RAMMULOTSI HARDWARE & BUILDING MATERIALS
346,579,PICK & SAVE (CAPE TOWN)
513,580,AL SAYED TRADINGS
426,581,GABMAN CC T/A SUPERSPAR@55
364,582,RHODES JAPONCA TRADING
48,583,THOKOZA HARDWARE
391,584,AQUA PURA
53,585,DISCOUNT SUPER MARKET
344,586,RICH FOREVER ENTERPRISES
363,587,SANJO WINNIE TUCKSHOP
385,588,M NKA MBAKO SUPERMARKET
158,589,MSK TRADING
600,590,tawakal 2 shop
340,591,BEREGA GENERAL DEALER
455,592,MARVELOUS WHOLESALERS
706,593,RAINBOW HAWKERS CASH AND CARRY
88,594,SA STEEL & BUILDERS
628,595,MA SWEET SUPERMARKET
419,596,MUCH BETTER HOME MART
150,596,MUCH BETTER HOME MART
518,597,HUFIL LIMITADA
518,598,ZAKERA COSMETICS
345,599,MIGGAR TUCKSHOP
672,600,MOKOPANE MULTISAVE
328,601,FARIS TUCKSHOP
108,602,WELGEVAL HARDWARE
133,603,LUCK 5 SUPER MARKET
526,604,MOKWENA SUPER STORE C&C
109,605,NINE STARS
499,606,LETABA FRUIT & VEG
404,607,LIV GREEN ELECTRONICS
21,608,CH HARDWARE
119,609,MEGA ZZBM
316,610,UFI DISTRIBUTION CENTRE (PTY) LTD
170,611,AK SUPERMARKET
HB_ETH002,612,ETHIOPIAN BROTHERS SHOP
326,613,BADSHA TUCKSHOP
416,614,BIG SAVE STORE
446,615,UNIMAART-MAMELODI
558,616,RAILWAY SUPERMARKET
131,617,KING STEEL & HARDWARE WELKOM
388,618,BITLINE SA 473 CC. T/A CHOICE SUPERMARKET
479,619,ONE BY ONE MARKET (PTY) LTD
638,620,LUCAS SALES
329,620,LUCAS SALES
976,621,MAMBO CASH & CARRY
138,622,TREE BROTHER HOLY SELERS
3,623,AL-AMIIN GENERAL DEALER
151,624,NEW STAR SUPERMARKET
461,625,SOMAIYA SUPERMARKET
HB_MYE001,626,MYEEM SUPERMARKET
444,627,TROPICANA SUPERMARKET
437,628,UNIMART ALEXANDRA TRADING (PTY)LTD
HB_BIS001,629,Bismillah Shop2
460,630,ZVAKANAKA SUPERMARKET
20448,630,ZVAKANAKA SUPERMARKET
515,631,SUNRISE FRESH EGGS TRADING
365,632,BLUE BEEN TRADING (MINIMARKET)
208,633,AFEEFA COSMETICS T/A AFEEFA TRADING (PTY) LTD
562,634,777 SUPERMARKET
168,635,ROHAN SUPERMARKET
587,636,NEATELA LIFESTYLE (PTY) LTD
HB_CEN001,637,Centerpoint Minimarket
383,638,ARFAYE TUCKSHOP
503,639,USAVE TEMBISA
65,640,BUDGET CASH AND CARRY MABOPANE
HB_MOO001,641,MOONLIGHT SHOP
406,642,MIDSTREAM RIDGE TRADING T/A MIDSTREAM RIDGE SPAR
112,643,GALSOM TEMBISA HARDWARE (PTY) LTD
612,644,YEOVILLE CASH AND CARRY (PTY)LTD/SUPA SAVE
512,645,SIZA ABANTU CASH AND CARRY (PTY)LTD
224,646,NATURE'S HEALING
578,647,HOME SWEET WHOLESALER
395,648,BOITHOKO MEDICAL
HB_SUP001,649,Super One
800,650,FRESH PLANT PVT LIMITED
HB_BAK002,651,Bakaal Cash Store
523,652,MIM MINI SUPERMARKET
445,653,DISTRI FOODS
167,654,MIDRAND STEEL KALFONTEIN
364,655,ROBERT WINNIE SHOP MINIMARKET
48,656,CITY MEDICAL WHOLESALERS CC
389,657,AA COSMETICS AND HERBAL HEALTH
106,658,ABDUL HARDWARE
503,659,A ALI TRADING CC TZANEEN
169,660,MIDRAND STEEL IVORY PARK
33,661,KULANI HARDWARE
362,662,5 STAR CASH AND CARRY
107,663,KOSTEIN CHEAP STORE
415,664,FATIMA SUPERMARKET
324,665,AVOCADO WINNIE TUCKSHOP
386,666,LUCKY SHOPS
555,667,BEST BEAUTY
414,668,CHELKOM SHOP
409,669,DAVID TUCKSHOP
346,669,DAVID TUCKSHOP
107,670,ZONDI TUCKSHOP
207,671,FREEDOM GENERAL DEALER 2
HB_SAV002,672,Savemore Tuckshop
534,673,AK SWEETS
343,674,BLUE NINE SHOP
HB_COM006,675,Community ShopNo1
892,676,LEMLEN GENERAL DEALER
347,676,LEMLEN GENERAL DEALER
375,677,FRUITY FRESH
210,678,FOOD EXPRESS
590,679,HAJI FAMILY SUPERMARKET
362,680,SAHARA TEDDY TUCKSHOP
580,681,ALL FRESH PRODUCTS
618,682,MMM RUGRATS
120,683,GO PATIENTLY TRADING AND PROJECTS 207
150,684,MUHAMEDIA STORE
172,685,R10 SHOP
384,686,BUSHURA TUCKSHOP
551,687,KHETELENI SUPERMARKET
463,687,KHETELENI SUPERMARKET
41,688,FAYO FOODS
651,689,HIPPIE HEALTH
359,690,GIANT FLEET (PTY) LTD
HB_CIT001,691,City Shop No2
352,692,AYANO SUPERMARKET
485,693,SUPA SAVE POLOKWANE
417,694,GLOBAL MEDIA GROUP
322,695,ALEX COLUMBUS TUCKSHOP
0,695,ALEX COLUMBUS TUCKSHOP
HB_CAS001,696,Cash by Counter Shop
330,697,DUNYA TUCKSHOP
614,698,SUNCITY SUPERMARKET
393,699,ADAM AND SONS TRADING (PTY) LTD BIG SAVE DENDRON
392,700,HAIR AND COSMETIC WORLD
548,701,MOM ZAHRA WHOLESALE AND RETAIL (PTY) LTD
346,702,RAJON BLUE SHOP
531,703,A WALALA WASALA SUPERMARKET
79,704,AA BUSY CORNER SUPERMARKET
520,705,KAALFONTAIN C&C
145,706,GOLDEN SUPERMARKET
144,707,MAGIC SUPER MARKET
381,708,ALI MINI MARKET
646,709,GAPCO SERVICES (PTY) LTD
554,710,FAMILY SUPERMARKET
323,711,ALAX HIRIG TUCKSHOP
463,712,KHATELENI SUPERMARKET
223,713,ADEED GENERAL DEALERS (PTY)LTD
424,714,HILLBROW SPAR
0,714,HILLBROW SPAR
541,715,HASHIR RAZA BROADWAY SUPERMARKET
576,716,7 DAYS BIG AND SAVE SHOP
577,717,FROZEN DILHT
40,718,LOTTO CASH N CARRY
705,719,SWAZI INN GENERAL DEALER
345,720,7 TUCKSHOP
655,721,NOVELTY ENTERPRISE
394,722,LESIBANA MEDICAL SUPPLIES
393,723,GIFT PHARMACY
360,724,SHORTY VIEW SHOP
407,725,GOLDEN NUGGET PHARMACY
327,726,ACA CAPTE TOWN T/A HALANE DISTRIBUTORS
180,727,AL GHER SUPERMARKET
192,728,FOREMOST
205,729,A-GENERAL DEALERS
516,730,TJ COSMATICS
359,731,ROBERT OAKMORE SUPERMARKET
79,732,KWIK BUILD KWAMHLANGA
141,733,SHAKAAL
351,734,MALAWI INN TUCKSHOP
149,735,CH DISCOUNT SHELDOWN
19,736,MUNAAF HARDWARE
HB_NEP001,737,NEPON CORNER SHOP
468,738,SMASH CAFE
365,739,SAFEI TRADING GROBLERSDAL
350,740,FIGO SUPERMARKET
HB_SAV010,741,Save To Save
HB_LII001,742,LIIBAAN SHOP
599,743,NASRI ELECTRONIC & PLASTIC WHOLESALER
912,744,N AND F COSMETICS
397,745,EKANGA PHARMACY (PTY) LTD
130,746,DOOS HOUSE SHOP
776,747,MDU & LOVE MORE
457,747,MDU & LOVE MORE
596,748,R 5 MUSA SHOP
HB_HAP001,749,Happy People Shop
888,750,DR MS NALLA
465,751,ETHIO
101,752,WOZA WOZA SUPERMARKET
349,753,SWEETSHOP
449,754,GENESIS HEALTH CARE PHARMACY
435,755,M&H SUPERMARKET MANKWENG
405,756,DIAPER WORLD
425,757,MUDAU TUCKSHOP
625,758,NEW RETHABILE SUPERMARKET
52,759,SWEET SHOP
64,760,APEL BUILDERS HARDWARE
142,761,Sss SUPERMARKET
26,762,SANDOL NUR FARAH
523,763,"MIM, MINI SUPERMARKET"
3,764,RICHARD
163,765,BBN - HARDWARE & HARDWARE
321,766,ABBI SHOP (MINI MARKET)
20,767,BATUTTA VILLAS Body Corporate
383,768,ABBI TAKELE TUCKSHOP
484,768,ABBI TAKELE TUCKSHOP
321,768,ABBI TAKELE TUCKSHOP
562,768,ABBI TAKELE TUCKSHOP
590,768,ABBI TAKELE TUCKSHOP
450,768,ABBI TAKELE TUCKSHOP
580,768,ABBI TAKELE TUCKSHOP
328,768,ABBI TAKELE TUCKSHOP
HB_ROC001,769,ROCKYS STORE
142,770,AMBICOR TRADING 121
